Flex1,Flex2,Flex3,Flex4,Flex5,X,Y,Z,Gesture
678,677,687,680,670,255.4,92,352.35,A
678,677,687,680,669,276.98,88.94,351.42,A
679,676,687,680,667,316.92,83.79,354.19,A
677,677,687,680,668,311.86,86.51,356.11,A
677,676,687,679,668,304.66,83.49,350.62,A
677,676,687,679,668,313.74,82.04,351.68,A
677,675,687,679,667,308.65,83.02,351.29,A
677,675,687,677,667,304.06,83.14,349.91,A
677,675,687,679,667,294.44,85.67,350.55,A
677,675,686,678,666,301.71,82.79,348.43,A
677,675,686,678,666,303.58,83.08,349.63,A
677,676,686,679,666,305.5,83.71,351.22,A
678,676,686,680,666,308.01,81.64,349.35,A
678,676,686,679,666,305.57,81.5,348.2,A
678,675,686,679,666,306.82,80.87,347.88,A
676,675,685,679,666,298.45,83.84,348.73,A
678,674,686,678,665,296.15,85.7,351.29,A
678,675,686,678,665,301.73,84.63,351.36,A
677,675,686,679,665,297.74,85.93,352.3,A
678,675,685,678,666,295.58,85.57,350.8,A
679,675,686,678,664,310.57,83.13,351.99,A
678,675,686,678,665,309.81,82.07,350.51,A
677,674,686,679,665,318.63,81.48,352.48,A
678,674,686,679,665,327.69,80.88,354.2,A
678,675,687,678,666,315.53,82.15,352.29,A
677,674,686,678,664,313.87,82.46,352.16,A
678,675,686,678,664,312.93,81.92,351.32,A
678,675,687,678,664,314.44,80.23,350.04,A
678,674,686,678,665,317.87,79.31,350.32,A
678,674,686,678,664,310.58,81,349.52,A
677,674,686,678,664,311.71,80.95,349.86,A
678,674,686,678,664,307.22,80.87,348.05,A
678,674,684,678,664,307.87,80.6,347.98,A
678,674,686,678,664,304.25,82.14,348.54,A
679,674,686,678,663,309.71,81.16,349.39,A
679,674,685,678,662,310.71,80.4,348.88,A
678,674,686,678,664,312.88,79.85,349.09,A
678,674,687,678,664,314.09,79.11,348.76,A
677,674,686,678,664,313.14,80.7,350.09,A
678,674,686,678,665,305.21,81.05,347.41,A
678,674,685,678,663,305.58,81.31,347.94,A
677,674,686,678,663,306.92,79.91,346.68,A
678,674,686,678,664,309.84,79.28,347.21,A
678,674,686,678,664,306.14,81.35,348.23,A
678,675,686,678,663,310.14,79.7,347.84,A
678,673,686,677,663,309.41,79.85,347.71,A
677,674,686,679,663,311.92,78.85,347.62,A
677,674,685,679,663,304.03,80.62,346.26,A
677,673,685,677,662,308.47,80.54,348.16,A
677,673,685,678,663,311.92,79.5,348.33,A
677,674,685,678,662,307.2,79.58,346.37,B
677,673,685,678,662,312.53,81.07,350.27,B
678,673,685,678,663,308.69,80.56,348.27,B
678,673,685,677,663,308.22,82.04,349.93,B
678,673,686,678,663,309.14,81.18,349.2,B
693,636,674,655,577,333.26,69.52,349.34,B
692,619,669,639,571,332.37,60.58,343.56,B
691,623,669,640,573,340.61,51.18,344.19,B
691,621,670,641,575,305.3,71.57,334.79,B
691,621,669,641,577,303.75,69.93,331.33,B
691,624,669,640,575,317.86,55.66,328.28,B
689,624,669,641,575,323.16,54.04,331.47,B
692,622,670,641,576,320.19,53.44,328.28,B
690,622,669,642,577,316.6,55.29,326.77,B
690,622,669,641,577,319.9,51.67,326.35,B
690,626,669,644,578,321.85,51.63,328.12,B
690,623,668,643,578,319.36,58.85,332.58,B
691,623,668,643,576,320.91,60.16,335.01,B
690,621,669,643,578,319.06,58.83,332.32,B
690,621,669,643,578,318.97,57.49,330.99,B
691,621,668,643,578,317.97,58.42,331.02,B
690,621,668,644,578,316.32,58.01,329.18,B
690,621,668,644,579,310.53,58.42,324.28,B
690,622,668,645,579,316.17,61.91,332.87,B
690,621,669,644,580,322.44,62.48,338.17,B
690,622,668,645,580,325.75,61.6,339.79,B
690,622,668,646,580,326.68,58.92,338.39,B
690,623,668,645,580,320.77,66.27,340.26,B
692,622,668,645,581,319.88,66.09,339.51,B
690,621,668,645,585,317.85,67.61,339.55,B
690,622,668,646,583,325.26,70.23,346.01,B
690,622,668,646,583,320.06,66.74,340.21,B
690,623,668,646,583,320.12,66.79,340.29,B
690,622,668,646,582,315.67,68.41,338.87,B
690,622,668,646,583,319.84,66.07,339.47,B
690,623,669,646,582,318.32,66,338.38,B
690,623,668,646,584,321.42,67.54,341.75,B
690,623,668,646,583,317.84,66.2,338.23,B
690,624,668,647,583,318.07,69.54,341.48,B
690,624,668,647,584,318.81,69.13,341.55,B
690,623,668,647,584,318.3,70.14,342.16,B
690,622,668,648,584,315.82,69.4,339.93,B
690,624,668,647,584,313.85,69.76,339,B
690,623,668,648,584,309.36,72.38,338.83,B
690,624,668,649,584,312.07,69.77,337.8,B
690,623,668,648,584,318.04,70.29,342.15,B
690,623,669,645,584,333.28,57.71,342.36,B
690,622,668,645,584,325.94,60.39,338.98,B
689,622,668,645,584,325.32,64.12,341.44,B
689,622,667,646,584,327.69,63.4,342.43,B
689,622,667,645,584,327.71,62.75,341.97,C
689,669,684,673,611,294.72,78.36,335.89,C
689,674,686,679,632,309.54,72.1,338.63,C
689,672,685,678,628,312.58,69.58,337.95,C
689,671,685,677,628,309.73,71.24,337.77,C
688,670,684,677,626,311.38,70.28,337.86,C
689,670,684,676,626,308.69,71.4,337.2,C
688,669,683,676,626,311.38,69.48,336.98,C
689,669,684,676,626,313.33,68.68,337.52,C
689,669,683,675,625,320.08,65.14,338.8,C
689,670,683,677,625,317.25,68.01,339.53,C
689,669,683,676,625,313.32,68.6,337.43,C
690,669,684,675,625,311.83,67.92,335.62,C
689,668,683,675,625,309.43,71.55,337.91,C
689,668,683,675,625,312.21,70.08,338.22,C
689,668,682,674,625,311.35,70.82,338.43,C
689,668,682,675,624,310.81,70.64,337.85,C
689,668,682,675,624,312.69,68.32,336.69,C
690,668,682,674,624,315.58,68.02,338.42,C
690,668,683,675,625,315.75,66.95,337.49,C
690,669,682,674,624,312.57,69.48,337.82,C
690,668,682,674,624,310.75,68.77,335.73,C
690,668,682,675,623,312.95,67.76,336.28,C
690,667,682,674,623,312.37,69.13,337.31,C
690,668,682,674,623,311.39,69.52,337.03,C
690,667,682,674,624,312.04,69.31,337.27,C
690,667,682,674,623,310.21,71.49,338.39,C
689,668,682,675,623,309.78,74.06,341.07,C
691,667,681,674,622,310.03,73.9,341.03,C
690,668,682,674,624,312.68,68.26,336.61,C
689,667,682,672,623,314.04,70.42,339.81,C
688,667,682,674,622,311.21,71.7,339.32,C
689,667,680,674,622,317.04,67.96,339.34,C
689,667,681,673,623,313.8,70.39,339.62,C
690,666,681,673,623,316.39,71.4,342.23,C
690,667,682,672,623,310.4,69.73,336.54,C
689,666,681,674,623,312.04,68.47,336.37,C
690,666,681,673,622,312.86,67.36,335.8,C
690,666,681,673,622,316.8,68.51,339.71,C
690,666,682,673,622,308.84,68.68,334.14,C
689,666,681,673,622,312.31,69.33,337.49,C
689,667,681,673,623,313.02,69.03,337.68,C
690,667,682,673,623,312.41,68.77,336.96,C
689,666,681,673,622,312.72,69.65,338.12,C
689,666,681,673,622,313.23,69.99,338.83,C
690,666,681,673,622,313.78,68.93,338.1,C
689,665,681,673,622,311.09,70.61,338.02,C
689,667,681,673,622,309.47,68.62,334.58,C
689,666,681,672,622,314.6,67.1,336.81,C
689,666,681,673,622,313.27,67.98,336.75,C
690,666,682,673,623,314.16,65.73,335.1,D
690,640,686,675,654,310.98,68.58,335.69,D
690,643,686,676,649,313.07,64.7,333.17,D
691,653,684,675,648,296.49,70.02,323.89,D
690,650,684,675,647,304.98,67.78,329.73,D
691,647,684,675,650,304.22,73.4,336.33,D
692,643,685,677,654,324.38,65.82,342.17,D
692,641,684,676,652,301.57,71.37,331.24,D
693,640,684,676,649,301.9,74.35,335.77,D
692,639,683,676,650,312.72,68.98,337.4,D
692,638,684,676,648,301.01,71.89,331.45,D
692,638,683,676,648,306.82,71.74,336.21,D
692,638,683,676,647,308.62,69.51,334.93,D
692,637,683,675,647,308.66,69.03,334.4,D
692,637,684,676,648,306.59,70.44,334.43,D
691,637,683,674,647,308.48,69.37,334.65,D
691,636,683,675,646,306.8,69.28,333.18,D
691,638,683,675,646,309.1,69.17,334.91,D
691,636,683,676,646,308.75,70.14,335.77,D
691,636,683,675,645,307.09,69.33,333.48,D
692,638,683,675,645,306.21,70.76,334.52,D
690,637,682,675,645,310.39,71.51,338.54,D
691,637,683,675,645,306.62,70.69,334.76,D
691,637,683,675,645,308.39,71.71,337.36,D
691,637,683,675,644,303.65,70.8,332.38,D
691,636,683,675,643,307.26,69.17,333.43,D
691,636,683,675,643,306.26,70.81,334.62,D
691,636,683,675,643,308.06,67.68,332.33,D
691,636,683,675,643,308.94,68.62,334.14,D
691,637,683,675,642,307.57,70.98,335.86,D
691,636,683,674,641,305.63,71.57,335.06,D
691,636,683,675,642,307.89,70.73,335.81,D
691,636,683,674,641,308.79,70.57,336.3,D
691,636,683,675,641,308.49,69.7,335.06,D
690,636,681,674,641,305.51,69.3,332.09,D
691,636,683,675,641,304.9,71.99,335.01,D
691,636,681,674,641,306.49,71,335.04,D
691,639,682,674,641,309.09,71.32,337.41,D
691,637,682,675,641,309.66,69.3,335.5,D
691,637,682,675,641,307.94,71.1,336.29,D
691,636,683,674,642,306.5,71.98,336.28,D
690,636,683,675,641,304.06,72.9,335.54,D
691,636,683,674,641,309.41,72.42,338.91,D
691,636,682,674,639,309.35,72.79,339.31,D
690,636,683,675,640,309.17,72.93,339.35,D
690,636,683,674,640,308.5,70.76,336.31,D
690,635,683,674,640,310.53,71.55,338.68,D
690,636,683,674,640,310.47,71.26,338.32,D
690,635,683,674,640,306.46,71.72,335.91,D
691,639,684,674,642,308.81,68.78,334.23,D
690,637,683,672,640,307.14,71.91,336.67,E
692,681,686,679,662,350.45,54.81,353.24,E
693,680,688,683,667,1.44,49.95,1.21,E
693,684,689,682,666,350.79,42.73,350.04,E
692,681,688,681,663,347.36,47.57,348.42,E
692,681,688,681,662,345.58,36.91,341.1,E
692,681,688,681,662,344.74,43.81,344.13,E
692,680,688,681,660,343.2,41.35,341.07,E
692,681,688,681,660,347.83,43.59,347.24,E
692,679,687,681,659,349.62,44.07,349.28,E
692,678,687,681,659,344.5,44.94,344.47,E
692,678,687,680,659,348.43,44.24,348.13,E
692,678,688,680,660,350.23,46.03,350.57,E
692,678,687,680,660,348.29,42.06,347.06,E
692,679,687,681,659,348.02,43.28,347.31,E
692,677,687,680,659,347.72,41.14,346.01,E
692,677,687,680,659,347.9,44.61,347.74,E
692,677,687,680,658,347.48,43.52,346.84,E
692,678,687,680,658,347.53,44.96,347.51,E
692,676,687,680,658,346.42,46.57,347.12,E
693,677,686,680,657,346.2,47.15,347.17,E
691,676,687,680,658,348.72,46.97,349.45,E
691,676,687,680,658,346.09,47.01,347,E
691,677,687,680,658,345.86,45.87,346.26,E
692,676,687,679,658,344.5,46.25,345.13,E
692,676,687,679,658,348.65,47.05,349.42,E
692,678,688,679,660,345.2,44.31,344.86,E
691,677,687,680,658,344.37,44.29,343.99,E
692,677,686,680,658,347.86,45.3,347.98,E
692,677,687,680,658,344.42,43.84,343.81,E
692,676,687,679,658,343.56,42.42,342.1,E
691,675,687,680,658,346.29,42.99,345.33,E
692,677,686,679,658,350.1,43.14,349.45,E
690,676,685,679,658,345.62,43.66,344.96,E
692,675,687,679,658,344.43,41.85,342.72,E
692,675,688,679,657,347.83,43.33,347.13,E
692,675,687,679,657,343.6,42.43,342.15,E
692,675,686,679,658,345.05,42.84,343.93,E
692,675,687,680,657,342.23,43.73,341.48,E
692,675,688,679,658,342.72,41.96,340.92,E
692,673,686,679,658,341.76,43.82,341.05,E
691,675,687,680,657,340.76,45.73,341.2,E
691,676,687,679,659,342.49,42.4,340.93,E
692,675,687,679,660,343.51,43.4,342.61,E
691,676,687,678,658,341.06,42.45,339.44,E
690,674,686,678,658,347.11,44.16,346.74,E
691,674,687,679,658,345.98,45.09,346.03,E
691,674,686,678,658,348.18,44.07,347.8,E
691,675,686,678,658,345.17,42.16,343.7,E
691,675,686,678,657,346.65,42.28,345.37,E
691,675,686,679,659,342.75,42.21,341.11,F
694,676,684,670,631,14.86,76.62,3.61,F
692,678,666,639,572,356.07,52.71,357,F
692,673,668,639,572,345.17,53.3,348.83,F
691,671,669,641,574,351.8,51.63,353.49,F
691,671,667,641,575,352.58,54.56,354.7,F
691,672,666,642,576,352.78,56.42,355.19,F
690,670,667,643,577,350.92,52.95,353.12,F
691,670,667,642,575,6.35,57.07,4.12,F
690,671,667,642,575,350.83,50.26,352.36,F
690,672,667,643,575,358.03,54.71,358.61,F
691,670,667,645,580,3.27,60.96,1.82,F
692,669,667,645,581,3.88,61.25,2.13,F
690,667,666,645,580,3.1,60.55,1.75,F
691,669,666,646,580,2.51,61.8,1.34,F
690,669,666,645,580,354.41,63.9,357.25,F
690,669,666,645,580,359.25,65.16,359.65,F
690,669,666,646,580,353.94,64.81,357.14,F
691,669,666,646,580,354.83,64.47,357.53,F
691,669,667,646,582,358.39,65.55,359.27,F
691,669,665,646,580,357.21,63.49,358.61,F
690,670,666,647,581,6.15,63.75,3.04,F
692,670,666,645,580,2.96,62.71,1.53,F
691,670,666,646,580,359.76,60.7,359.87,F
690,670,666,646,580,4.41,61.77,2.37,F
691,670,665,647,580,359.29,63.86,359.65,F
690,671,666,646,580,356.11,64.55,358.15,F
690,672,667,646,580,351.95,63.05,355.89,F
690,671,666,647,580,0.78,63.61,0.39,F
690,671,665,647,580,358.57,67.25,359.4,F
691,671,666,646,581,349.5,62.4,354.46,F
690,672,666,646,580,354.02,61.57,356.75,F
690,671,665,646,581,355.09,61.99,357.38,F
690,671,665,646,581,349.92,62.21,354.65,F
691,673,666,646,581,358.53,60.9,359.18,F
690,672,665,646,583,355.57,60.38,357.48,F
690,672,665,647,581,352.28,60.92,355.69,F
690,672,665,648,581,350.93,59.85,354.7,F
691,673,666,648,583,354.35,61.37,356.91,F
691,672,666,648,582,347.24,58.76,352.18,F
691,672,666,647,583,351.75,60.1,355.23,F
690,672,666,648,581,355.89,61.41,357.76,F
690,672,667,647,582,351.95,62.02,355.7,F
691,672,666,647,582,349.7,63.05,354.72,F
690,672,666,646,582,351.69,62.54,355.66,F
690,672,666,648,582,348.17,62.87,353.87,F
690,672,666,647,582,346.47,64.35,353.41,F
690,672,665,647,582,345.06,63.07,352.28,F
691,672,666,648,584,352.89,61.88,356.18,F
690,672,666,648,582,350.22,61.9,354.74,F
690,672,666,647,582,351.38,61.24,355.24,G
690,672,666,648,582,350.57,59.3,354.37,G
690,670,666,647,582,353.24,62.15,356.42,G
689,643,690,681,665,331.13,47.77,333.41,G
685,637,690,682,666,324.85,58.82,336.92,G
683,637,689,681,665,327.57,59.99,339.85,G
683,636,688,680,663,330.66,61.06,342.74,G
683,636,688,679,661,336.2,60.87,346.19,G
683,637,687,679,660,334.18,60.79,344.87,G
683,637,687,679,660,333.39,61.7,344.9,G
683,636,687,678,659,332.42,60.39,343.46,G
682,637,687,678,659,333.92,61.91,345.36,G
682,636,687,679,658,332.71,60.61,343.79,G
682,636,687,678,657,330.76,62.22,343.57,G
683,636,687,678,657,328.21,63.29,342.68,G
683,636,687,680,657,333.02,61.34,344.45,G
683,637,686,677,656,324.12,63.26,339.98,G
682,636,686,678,656,332.37,58.96,342.51,G
683,636,686,676,656,332.38,60.12,343.27,G
683,636,686,678,656,328.54,65.09,344.14,G
683,637,686,678,656,328.71,63.8,343.35,G
683,637,686,678,656,324.92,68.41,344.47,G
684,638,687,677,656,330.64,68.07,347.24,G
683,637,687,677,655,333.48,64.94,346.87,G
683,637,686,677,655,330.83,63.8,344.64,G
683,635,686,676,655,331.99,63.79,345.33,G
683,638,686,677,655,327.49,63.59,342.44,G
683,638,686,677,655,332.6,61.67,344.38,G
683,638,686,677,654,323.79,65.06,341.19,G
683,637,686,677,655,331.4,61.27,343.36,G
683,639,686,677,654,326.03,65.62,343.02,G
683,638,686,677,654,329.39,63.82,343.79,G
683,638,686,677,654,328.94,64.63,344.06,G
683,638,686,676,653,333.75,60.61,344.47,G
683,637,686,677,653,327.56,63.09,342.12,G
683,637,686,677,654,329.12,63.62,343.48,G
683,638,686,676,653,327.95,66.55,344.81,G
683,638,686,676,653,328.23,64.61,343.62,G
683,638,687,676,653,324.35,65.42,341.83,G
683,638,686,676,653,326.73,63.61,341.97,G
684,638,686,676,653,328.56,64.72,343.89,G
683,639,686,677,653,327.18,64.59,342.96,G
684,638,686,676,651,325.48,65.54,342.63,G
683,636,686,676,653,328.71,65.62,344.6,G
683,639,686,677,653,330.79,66.05,346.05,G
682,638,684,676,651,327.56,65.3,343.71,G
683,637,685,676,652,329.12,68.9,347,G
683,638,686,676,653,331.77,66.02,346.57,G
684,638,686,676,652,325.67,63.99,341.57,G
683,638,686,676,652,339.22,65.62,350.24,G
683,638,685,676,652,337.9,64.82,349.19,H
683,638,685,676,652,335.4,66.84,348.92,H
683,638,685,676,652,337.72,65.92,349.62,H
683,638,687,676,651,333.25,68.62,348.83,H
683,637,685,676,652,344.9,67.87,353.74,H
685,637,683,674,649,337.22,79.47,355.54,H
692,631,672,679,658,294.49,68.99,319.85,H
692,629,672,682,661,281.31,82.4,326.29,H
691,629,672,682,659,286.75,75.96,320.28,H
691,629,673,680,658,286.69,77.65,323.86,H
691,629,672,682,658,280.16,81.51,320.2,H
692,628,674,681,658,275.39,85.77,321.88,H
692,628,673,680,658,277.64,83.99,321.86,H
691,626,673,678,656,277.18,84.36,321.9,H
691,627,673,681,655,280.02,81.9,321.15,H
691,626,673,679,655,277.53,83.62,319.79,H
691,625,672,679,655,281.72,79.96,319.53,H
691,625,673,679,655,283.39,76.82,315.46,H
691,625,671,679,654,285.07,75.07,315.28,H
690,625,672,679,653,280.68,79.4,315.22,H
690,625,671,679,653,282.79,77.8,316.38,H
690,625,671,679,653,281.24,79.16,316.05,H
691,626,671,680,653,283.25,76.56,314.59,H
690,625,671,679,652,281.27,79.37,316.7,H
691,625,672,679,653,282.79,77.6,315.92,H
691,625,672,679,652,282.91,77.73,316.51,H
690,625,672,679,653,280.2,79.66,314.61,H
691,625,671,679,652,281.4,77.27,311.76,H
690,624,672,679,652,278.93,80.63,313.6,H
691,625,671,679,652,282.01,78.3,315.76,H
691,625,671,679,652,286.38,75.47,318.59,H
691,625,671,679,652,282.77,76.44,313.22,H
690,624,671,678,651,282.54,76.8,313.48,H
690,624,671,678,651,281.17,78.06,313.03,H
690,624,671,678,651,281.96,77.68,314.13,H
690,624,671,678,650,284.31,75.47,314.55,H
691,624,671,677,650,281.07,78.26,313.28,H
690,624,670,678,651,273.81,86.71,319.17,H
690,625,670,678,650,277.76,82,314.11,H
690,624,670,678,650,283.71,76.57,315.61,H
691,624,672,678,650,284.56,76.68,317.65,H
690,624,670,677,650,276.76,82.99,313.98,H
688,623,668,674,648,283.13,82.13,329.36,H
689,623,670,676,649,278.92,83.73,324.98,H
689,623,669,676,648,277.94,82.77,317.72,H
688,623,669,676,648,269.71,90.23,321.88,H
688,623,669,675,648,271.57,88.7,320.4,H
689,623,669,676,648,274.57,86.34,321.35,H
689,623,669,676,647,275.67,85.59,322.19,H
689,623,669,676,647,275.19,86.07,322.93,H
689,626,669,676,650,279.66,80.57,315.72,I
689,626,669,678,648,273.78,86.76,319.38,I
689,624,669,677,648,266.29,92.78,323.17,I
689,625,669,676,648,279.1,81.85,318.19,I
690,677,690,674,591,124.98,104.78,20.67,I
692,676,685,674,586,55.23,84.26,8.24,I
692,675,685,675,586,42.33,81.51,7.74,I
692,674,683,673,583,30.82,81.7,4.97,I
690,673,683,671,579,22.29,79.59,4.31,I
691,672,682,671,581,24.72,79.67,4.79,I
691,671,682,671,582,21.03,81.66,3.23,I
689,671,681,671,582,10.26,79.19,1.98,I
691,671,683,673,587,347.54,78.3,357.38,I
691,672,683,672,588,355.21,79.15,359.08,I
691,671,682,672,580,9.6,73.42,2.88,I
691,671,682,671,577,4.22,74.36,1.18,I
691,669,682,671,577,12.78,63.26,6.52,I
691,671,682,672,577,46.53,86.12,4.09,I
690,670,682,671,578,351.68,79.67,358.47,I
691,670,682,671,578,3.19,80.78,0.52,I
691,669,681,670,578,342.34,81.34,357.23,I
692,669,680,671,577,344.77,77.81,356.63,I
690,669,682,671,580,335.56,81.83,356.27,I
690,669,681,671,580,8.42,82.82,1.07,I
690,669,681,671,579,2.03,80.01,0.36,I
690,668,681,671,580,8.28,79.24,1.58,I
690,669,681,671,581,16,77.21,3.72,I
690,669,681,671,580,8.91,79.68,1.64,I
690,668,681,671,581,7.23,80.52,1.21,I
690,668,681,670,581,23.15,82.19,3.36,I
690,669,681,670,581,2.28,78.13,0.48,I
690,668,681,670,581,358.68,78.52,359.73,I
690,668,681,670,581,1.2,81.47,0.18,I
690,668,681,669,581,359.97,79.92,359.99,I
691,668,681,671,582,331.4,82.3,355.79,I
690,668,681,671,581,346.28,81.72,357.97,I
690,668,681,671,582,342.44,81.56,357.31,I
690,667,681,671,581,0.86,80.56,0.14,I
690,667,681,670,582,359.24,78.88,359.85,I
690,668,681,670,582,347.74,81.28,358.09,I
690,668,681,670,583,34.21,80.12,6.75,I
690,667,682,670,583,20.95,82.14,3.03,I
690,669,681,670,583,4.74,82.91,0.59,I
690,668,681,670,584,337.19,84.32,357.6,I
690,667,680,670,584,244.23,90.53,358.91,I
690,667,681,670,584,74.32,88.97,3.66,I
690,667,680,670,584,43.69,87.23,2.65,I
690,667,681,670,584,79.51,89.86,0.77,I
690,667,681,670,585,32.89,88.52,0.96,I
690,667,681,671,586,356.61,86.34,359.78,I
690,667,680,670,586,68.68,87.83,5.55,J
686,669,680,670,595,245.58,119.39,308.87,J
685,669,680,669,595,254.88,104.43,316.41,J
684,667,680,669,595,258.5,103.96,309.28,J
684,667,680,670,595,261.42,99.33,312.55,J
684,667,680,669,596,263.15,98.27,309.56,J
684,667,680,669,596,266.16,94.82,308.53,J
684,667,679,669,596,266.57,93.83,311.85,J
684,667,679,669,596,264.54,97.29,306.76,J
684,667,680,669,596,263.4,99.4,304.94,J
684,667,680,669,596,265.25,96.82,304.78,J
684,667,680,669,596,265.75,95.99,305.3,J
684,665,680,669,596,265.05,97.31,304.01,J
684,667,680,670,596,268.12,92.93,302.73,J
684,667,679,669,594,267.85,93.2,303.95,J
684,667,679,669,596,261.63,100.72,307.85,J
683,666,680,669,596,264.45,97.44,306.66,J
683,667,680,669,596,264.16,97.97,306.16,J
683,666,679,669,596,268.21,92.37,307.08,J
683,666,680,669,595,267.52,93.35,306.44,J
684,666,680,669,594,269.44,90.66,310.58,J
683,666,680,669,594,268.48,91.92,308.22,J
683,666,680,669,594,275.37,83.31,308.71,J
683,666,680,669,595,270.58,89.27,308.46,J
683,666,680,669,594,270.66,89.15,307.87,J
683,667,679,669,593,270.67,89.16,308.55,J
681,666,679,669,593,271.51,88.14,308.98,J
682,665,680,669,593,270.39,89.5,308.35,J
682,665,680,669,594,268.07,92.58,306.89,J
683,665,679,668,594,267.99,92.57,308.09,J
683,666,680,669,594,267.67,92.93,308.52,J
683,666,679,669,588,269.43,90.73,307.64,J
683,666,680,669,587,266.08,95.07,307.69,J
683,665,680,669,588,266.25,94.75,308.23,J
683,665,680,670,586,265.66,95.23,309.62,J
682,665,680,669,585,264.4,96.38,311.25,J
683,665,680,670,586,265.45,95.51,309.54,J
683,666,680,670,586,267.42,93.1,309.77,J
683,665,680,669,585,268.7,91.66,308.05,J
683,665,680,669,587,267.23,93.4,309.09,J
683,665,680,670,585,265.96,94.61,311.21,J
684,665,680,669,585,265.62,95.18,310.19,J
683,665,680,669,586,265.65,95.33,309.16,J
682,665,680,671,585,268.19,92.03,311.62,J
683,665,680,670,586,267.76,92.53,311.55,J
683,665,680,669,587,268.68,91.49,311.55,J
683,665,680,668,585,265.21,95.47,311.21,J
683,665,680,669,586,263.33,97.77,310.62,J
683,664,680,669,585,265.66,94.98,311.03,J
683,664,680,668,585,264.7,95.79,312.45,J
682,665,680,670,585,264.91,95.55,312.49,K
684,650,677,668,655,270.69,89.51,324.85,K
693,626,675,678,668,328,41.94,325.19,K
692,631,672,677,667,323.76,52.46,330.61,K
691,613,670,676,663,335.03,42.89,333.38,K
692,611,670,676,662,336.73,58.93,345.47,K
692,611,669,676,661,337.92,50.07,341.24,K
691,611,669,676,660,333.96,48.39,336.54,K
691,612,669,675,659,323.29,53.02,330.69,K
691,612,669,675,657,319.76,51.77,326.31,K
691,613,669,675,657,320.22,52.78,327.7,K
691,617,670,675,655,325.43,44.37,324.84,K
691,617,669,674,654,323.25,47.58,325.7,K
691,616,669,674,654,325.67,45.01,325.68,K
691,616,669,674,652,326.04,44.04,325.14,K
691,618,669,674,652,322.94,52.49,329.9,K
691,615,669,674,653,325.17,48.31,328.22,K
691,614,668,674,651,320.61,50.49,325.89,K
690,614,669,673,651,324.04,49.12,327.87,K
690,614,668,673,651,319.89,53.2,327.78,K
691,614,669,673,650,323.59,48.64,327.01,K
690,614,668,673,650,322.56,47.89,325.32,K
690,614,668,674,650,321.57,49.59,325.96,K
690,614,668,673,651,323.97,47.35,326.18,K
690,614,668,673,650,319.8,51.55,326.14,K
690,614,668,673,650,321.31,47.13,323.37,K
690,614,668,673,650,323.44,46.74,325.09,K
690,614,668,673,649,322.84,46.28,324.06,K
690,615,668,673,650,320.13,49.93,324.91,K
690,615,667,673,649,319.7,49.77,324.34,K
690,615,668,673,650,320.98,48.48,324.34,K
690,615,668,673,649,321.8,51.52,327.97,K
690,615,668,673,649,320.04,49.27,324.19,K
691,615,668,673,651,320.82,44.82,320.64,K
689,615,667,673,649,318.75,49.66,323.32,K
691,615,668,673,649,319.64,51.05,325.51,K
690,616,668,673,649,320.72,49.95,325.49,K
690,615,668,673,648,318.01,51.11,324.01,K
690,615,667,673,649,317.04,54.16,326.08,K
690,617,668,673,648,312.77,54.53,322.39,K
691,617,669,673,648,319.65,54.87,329.13,K
689,617,668,673,646,320.46,48.39,323.76,K
691,617,668,673,645,320.46,49.27,324.59,K
690,620,669,673,646,316.16,50.68,321.81,K
690,625,667,673,641,311.59,56.6,323.4,K
690,626,666,673,643,310.79,58.37,324.48,K
689,626,666,672,642,308.5,60.92,325.04,K
691,626,665,672,640,308.86,60.88,325.34,K
690,625,665,673,643,306.97,62.7,325.56,K
689,624,665,672,643,307.31,63.93,327.3,K
690,624,666,672,643,307.03,57.57,319.89,L
690,624,665,671,642,305.88,60.71,322.2,L
691,623,667,672,642,308.86,63.4,328.14,L
672,624,689,671,637,299.67,66.59,322.78,L
670,626,688,671,638,293.72,71.46,322.66,L
671,625,687,670,637,293.89,69.93,320.48,L
671,625,687,670,637,288.54,73.88,319.25,L
672,625,687,670,637,294.02,70.81,322,L
671,625,687,671,637,292.6,70.88,320.22,L
672,625,687,671,638,295.29,70.28,322.82,L
671,625,686,671,637,287.46,76.84,323.36,L
671,626,687,670,636,292.69,71.46,321.26,L
671,625,686,670,636,290.87,72.27,320.02,L
670,625,686,670,636,295.02,71.08,323.71,L
672,625,686,670,637,300.03,68.69,325.99,L
671,626,686,670,637,290.64,70.39,316.58,L
671,626,686,671,637,295.55,69.77,322.38,L
671,626,685,670,637,288.46,75.88,323,L
671,626,685,670,636,288.89,74.53,321.03,L
671,627,686,671,637,293.41,70.13,320.14,L
671,626,686,670,636,292.91,68.22,316.61,L
671,625,686,670,638,294.85,64.82,314.57,L
671,626,686,670,637,289.79,72.99,319.63,L
671,626,686,670,637,288.76,74.37,320.53,L
671,625,686,669,637,287.76,75.16,320.39,L
672,626,686,670,637,292.46,71.37,320.8,L
672,626,686,670,637,287.19,76.37,321.91,L
671,626,685,670,637,289.95,72.37,318.79,L
671,626,685,670,638,291.36,72.72,321.5,L
671,626,686,670,637,291.73,71.41,319.83,L
671,626,685,670,636,291.93,71.01,319.48,L
672,626,686,670,637,287.76,74.16,318.47,L
672,626,685,670,636,290.23,72.49,319.43,L
671,626,686,670,637,291.49,71.57,319.76,L
671,626,685,670,636,288.18,76.72,324.3,L
671,626,685,670,636,291.96,72.19,321.44,L
671,626,685,670,636,292.8,70.95,320.59,L
671,625,685,670,636,295.29,72.64,326.5,L
671,626,685,670,636,291.37,72.76,321.6,L
671,626,685,670,636,291.67,71.66,320.16,L
671,626,685,670,636,293.16,69.64,319.07,L
671,626,685,670,636,292.66,70.76,320.1,L
671,626,685,670,635,294.03,70.95,322.24,L
671,625,685,670,635,294.65,69.02,320.11,L
671,626,685,670,635,289.74,73.62,320.67,L
671,626,685,670,635,288.08,75.75,322.12,L
670,625,683,670,635,289.09,74.31,320.92,L
671,626,685,670,636,290.06,72.87,319.84,L
672,626,685,670,635,288.15,74.8,320.35,L
671,626,685,670,635,287.63,75.08,320.02,L
672,627,685,670,636,289.41,74.85,322.47,M
683,626,672,649,630,328.9,4.56,277.52,M
687,622,672,644,644,340.15,300.34,191.93,M
691,619,672,642,660,342.96,293.07,187.44,M
691,618,673,642,660,328.86,291.03,193.08,M
691,618,673,642,659,351.24,298.22,184.73,M
690,618,673,643,658,353.34,293.25,182.87,M
690,617,673,642,659,9.66,283.55,177.65,M
690,617,673,641,658,297.99,272.46,184.63,M
690,616,671,641,656,297.89,271.57,182.96,M
689,615,672,641,657,340.12,276.75,182.45,M
689,615,671,640,656,208.76,268.63,180.75,M
689,615,671,640,655,314.35,275.82,185.95,M
690,615,672,640,654,333.15,276.73,183.42,M
688,615,671,640,654,316.58,275.53,185.24,M
688,615,671,640,653,305.48,274.83,186.76,M
689,615,671,640,654,321.82,272.1,181.65,M
688,616,671,641,653,303.38,275.33,188.05,M
688,616,670,642,654,156.68,268.99,179.57,M
688,615,671,641,653,275.13,270.4,184.39,M
688,615,670,641,653,322.6,271.61,181.23,M
688,615,671,641,653,324.19,272.96,182.13,M
687,616,669,641,653,299.05,272.16,183.89,M
688,616,672,641,652,268.76,269.91,184.16,M
688,616,670,641,652,324.07,271.77,181.29,M
688,615,671,641,652,310.67,272.88,183.35,M
688,616,670,641,651,289.79,271.09,183.03,M
688,616,671,641,651,296.67,272.55,185.07,M
688,615,671,641,650,290.51,272.72,187.23,M
688,616,671,641,650,323.36,273.09,182.3,M
686,616,671,642,650,307.63,272.61,183.38,M
688,616,671,642,650,256.11,269.7,181.21,M
688,616,671,642,649,324.93,273.18,182.23,M
689,616,671,642,650,292.1,273.11,187.62,M
688,615,671,640,649,315.86,273.49,183.39,M
688,616,671,642,648,63.54,270.61,178.78,M
688,616,672,642,648,315.05,271.56,181.56,M
687,616,671,642,647,348.92,273.6,180.71,M
688,615,670,642,647,328.7,271.6,180.97,M
687,617,670,643,647,304.36,270.75,181.1,M
688,615,672,641,647,266.48,269.78,183.53,M
687,614,671,640,647,330.88,271.51,180.84,M
687,614,671,641,647,239.42,269.76,180.41,M
689,614,671,641,646,278.91,270.31,181.95,M
687,615,670,641,647,284.87,270.82,183.08,M
687,615,670,639,647,292.95,271.47,183.47,M
687,615,669,641,646,336.01,272.33,181.04,M
688,614,670,641,645,318.31,273.18,182.84,M
687,614,670,641,646,275.19,270.15,181.68,M
687,614,670,641,646,277.41,270.34,182.58,M
688,615,670,641,646,213.15,269.46,180.35,N
687,615,673,671,645,303.37,272.61,183.97,N
687,614,670,681,662,210.61,267.59,181.43,N
688,611,669,678,660,188.71,259.42,181.64,N
686,610,668,678,661,193.09,262.19,181.83,N
686,610,669,677,661,195.99,260.74,182.68,N
684,610,668,676,660,176.31,258.68,179.26,N
684,610,668,677,660,199.83,256.45,184.97,N
684,610,669,677,661,181.45,257.29,180.33,N
685,611,668,677,660,193.95,257.03,183.27,N
684,609,668,677,643,188.14,252.08,182.65,N
685,609,668,677,643,176.53,259.96,179.39,N
685,609,669,675,649,184.93,261.48,180.74,N
687,609,668,677,650,197.79,258.98,183.58,N
686,609,667,677,656,186.18,256.2,181.53,N
685,608,668,675,653,220.99,260.59,188.19,N
685,608,667,676,652,208.78,257.5,186.94,N
686,610,668,675,651,188.26,253.93,182.39,N
686,610,667,675,650,200.15,257.21,184.76,N
686,609,668,673,650,187.08,252.1,182.3,N
685,610,668,675,650,189.86,255.39,182.59,N
685,610,667,674,649,205.26,258.26,185.6,N
685,610,667,674,649,198.91,256,184.88,N
685,611,667,674,648,196.64,255.48,184.43,N
685,610,667,674,647,189.34,255.98,182.35,N
685,610,667,674,647,199.32,257.76,184.35,N
685,610,667,673,647,195.67,257.31,183.61,N
684,610,666,673,646,194.9,253.72,184.44,N
685,610,668,673,647,196.22,253.05,185.07,N
684,611,666,673,647,199.71,252.62,186.4,N
684,611,666,673,646,204.55,253.71,187.61,N
685,609,666,672,646,198.92,253.74,185.71,N
684,608,667,672,646,193.53,253.59,184.05,N
684,609,667,672,645,207.3,253.22,188.85,N
683,609,667,672,645,195.22,251.86,185.09,N
685,609,667,672,643,192.3,253.22,183.76,N
685,610,666,672,642,195.06,252.77,184.77,N
686,609,666,672,642,196.43,252.62,185.28,N
685,609,666,672,643,201.86,253.89,186.61,N
685,610,666,671,644,205.86,257.32,186.22,N
685,610,666,671,644,204.45,254.17,187.34,N
684,609,666,671,644,191.97,256.89,182.83,N
684,609,666,671,644,201.64,254.8,186.15,N
684,610,666,672,644,185.48,253.43,181.64,N
685,609,666,671,644,196.42,253.46,185,N
684,609,666,671,644,192.85,254.25,183.68,N
684,609,666,671,644,203.93,256.26,186.19,N
684,609,666,671,643,204.59,257.26,185.91,N
685,609,666,671,644,198.55,256.46,184.62,N
684,610,666,671,643,188.82,253.27,182.67,N
684,610,666,671,644,185.78,253.4,181.73,O
684,610,666,671,643,190.56,254.87,182.89,O
684,615,667,672,643,336.61,278.66,183.77,O
683,621,668,672,641,315.39,353.01,262.92,O
682,628,671,672,638,308.06,54.49,317.65,O
684,657,682,665,617,302.22,54.98,311.96,O
693,677,687,674,637,289.69,75.58,324.31,O
691,674,686,675,638,307.81,63.57,327.37,O
691,675,684,674,642,310.67,62.41,328.69,O
691,674,685,674,646,325.54,54.03,333.53,O
691,675,685,675,648,316.05,57.54,328.48,O
692,674,686,675,648,309.94,63.63,329.37,O
691,673,685,675,649,317.43,61.81,333.79,O
691,673,685,675,649,313.22,62.33,330.83,O
691,673,684,674,649,315.43,63.85,334.18,O
692,673,685,675,649,319.26,60,333.56,O
690,673,684,674,649,316.92,60.58,332.2,O
690,672,683,674,649,315.8,61.61,332.27,O
690,673,684,674,649,312.05,64.74,332.38,O
690,673,684,674,649,313.68,61.58,330.46,O
690,673,684,674,649,313.51,61.95,330.69,O
690,672,684,674,650,315.53,61.6,332.03,O
691,673,685,674,650,316.24,61.21,332.25,O
690,672,684,674,650,317.3,59.98,331.94,O
690,672,684,674,651,318.55,64.82,337.46,O
690,673,684,673,650,316.05,61.6,332.47,O
690,672,684,675,650,319.43,64.74,338,O
690,672,684,674,651,313.95,65.15,334.34,O
690,672,684,675,650,314.68,64.68,334.43,O
690,672,683,674,650,315.81,63.16,333.8,O
690,672,684,674,651,315.12,66.05,336.14,O
691,672,684,674,650,314.01,61.03,330.18,O
690,672,684,674,650,315.37,64.42,334.71,O
690,672,684,674,650,315.3,65.08,335.31,O
690,673,683,674,650,315.88,64.43,335.11,O
690,672,683,674,650,315.43,65.37,335.7,O
689,672,683,674,650,313.4,66.55,335.36,O
690,671,683,674,650,314.07,66.01,335.31,O
690,671,683,674,650,316.96,64.32,335.82,O
690,671,683,674,650,318.57,66.26,338.79,O
691,671,684,673,651,319.17,65.71,338.7,O
689,671,683,674,650,320.02,64.78,338.45,O
691,671,684,674,649,320.64,65.31,339.33,O
690,671,683,674,650,317.18,67.34,338.85,O
690,671,683,674,650,316.69,62.4,333.77,O
690,671,683,674,651,308.86,63.42,328.16,O
689,671,683,674,649,313.93,67.09,336.32,O
689,671,683,674,649,316.47,65.3,336.4,O
690,671,683,674,650,314.33,66.15,335.65,O
689,671,683,674,650,312.25,68.13,336.16,O
689,671,683,673,650,312.31,66.74,334.72,P
689,671,683,674,650,318.93,66.94,339.65,P
689,654,682,672,649,320.33,55.46,330.28,P
682,628,674,663,645,320.65,40.99,316.66,P
678,623,673,670,655,320.87,13.12,285.99,P
680,626,675,667,648,322.8,358.6,268.16,P
681,619,669,676,662,329.63,314,209.51,P
682,618,669,673,660,332.69,307.83,201.85,P
680,618,669,672,657,332.27,306.15,201.01,P
681,618,669,672,656,333.62,307.63,200.93,P
681,616,669,671,656,337.8,306.72,196.93,P
680,615,670,671,654,346.42,289.57,184.91,P
680,614,668,669,652,349.65,295.02,184.87,P
680,614,669,669,652,344.64,300.4,189.15,P
680,613,668,670,652,338.23,298.4,192.18,P
680,613,668,669,652,334.33,298.51,194.63,P
680,613,668,669,651,334.68,300.18,195.39,P
680,614,668,670,651,338.3,299.74,192.81,P
680,614,669,669,652,335.74,298.06,193.51,P
679,614,668,668,651,334.57,299.79,195.23,P
679,614,668,669,651,335.85,301.59,195.42,P
680,613,668,668,651,335.8,300.83,195.02,P
680,613,668,669,651,338.47,303.09,194.42,P
680,613,668,669,651,336.33,303.75,196.32,P
680,613,668,668,652,336.55,304.53,196.62,P
679,613,668,668,651,338.1,305.61,196.06,P
680,614,670,668,652,336.91,304.68,196.43,P
680,614,669,668,652,335.96,304.81,197.23,P
680,614,669,668,652,336.84,305.05,196.7,P
680,614,669,668,651,336.73,304.59,196.52,P
680,614,669,668,651,335.52,305.42,197.94,P
680,614,669,668,651,337.84,305.16,196.01,P
680,615,669,668,652,336.78,305.05,196.74,P
679,614,669,668,651,335.61,305.89,198.16,P
679,613,670,667,651,337.54,305.56,196.46,P
679,614,670,669,651,336.75,305.27,196.9,P
680,613,669,667,651,338.57,305.46,195.61,P
679,614,670,668,651,337.85,304.7,195.74,P
678,614,670,668,651,337.08,305.61,196.84,P
680,613,670,668,650,339.53,303.21,193.73,P
680,613,670,668,651,337.79,305.08,195.99,P
680,614,669,668,650,339.9,305.07,194.41,P
679,613,670,667,651,339.07,304.28,194.61,P
679,614,671,668,652,338.08,304.62,195.53,P
680,614,670,667,652,338.81,305.4,195.4,P
679,614,670,668,652,337.68,304.98,196.03,P
680,614,670,667,651,335.61,303.54,196.73,P
680,614,671,668,652,336.73,304.43,196.43,P
680,614,669,669,651,336.69,303.2,195.74,P
680,614,669,668,652,337.9,303.64,195.12,P
679,613,669,667,651,338.74,303.47,194.42,Q
680,614,669,667,651,335.72,303.04,196.35,Q
679,682,673,658,644,343.49,304.14,191.36,Q
678,680,669,660,649,339.26,303.07,193.85,Q
677,679,668,659,651,340.58,308.81,195.83,Q
678,677,667,661,660,342.38,307.38,193.64,Q
677,677,666,661,658,342.35,309.58,194.73,Q
679,678,667,663,663,339.21,307.61,196.31,Q
678,679,667,663,661,346.89,312.92,192.22,Q
678,678,667,663,661,339.69,311.04,197.86,Q
678,677,667,662,660,341.64,312.5,196.91,Q
678,677,667,662,660,345.46,312.57,193.4,Q
679,678,667,661,659,341.29,312.73,197.37,Q
678,678,667,661,660,340.56,309.83,196.4,Q
679,678,667,661,660,340.26,313.07,198.55,Q
679,677,668,662,660,338.38,312.86,200.2,Q
679,677,668,662,660,340.83,314.26,198.71,Q
679,677,667,662,659,342.08,314.04,197.37,Q
679,677,668,662,659,336.83,312.19,201.2,Q
679,677,668,662,659,341.15,311.84,196.99,Q
679,678,668,661,659,341.34,314.36,198.28,Q
680,677,668,661,659,340.56,313.58,198.56,Q
679,677,668,661,660,337.79,314,201.52,Q
679,677,668,662,659,339.81,320,203.67,Q
679,677,667,661,658,344.68,317.74,196.78,Q
679,677,668,661,658,341.2,315.4,199.05,Q
679,677,667,661,658,342.06,315.64,198.32,Q
679,677,667,661,658,344.29,316.04,196.26,Q
680,677,669,661,658,342.04,316.27,198.71,Q
679,678,667,661,658,342.37,316,198.21,Q
679,676,668,661,658,340.01,315.41,200.26,Q
679,677,668,660,657,341.75,315.43,198.5,Q
680,676,668,661,658,341.2,315.68,199.22,Q
678,676,667,660,658,339.62,314.78,200.24,Q
679,676,668,661,658,338.89,315.25,201.28,Q
679,676,668,661,658,338.85,313.88,200.41,Q
679,676,667,661,658,337.6,312.76,200.86,Q
679,677,668,660,657,335.35,313.18,203.3,Q
679,676,667,661,658,340.51,312.58,198.01,Q
679,676,667,661,658,340.57,310.03,196.51,Q
679,677,667,661,658,341.36,310.4,196.02,Q
679,676,668,660,658,339.53,311.51,198.28,Q
679,676,668,661,658,340.62,311.34,197.19,Q
679,676,667,660,657,340.78,312.16,197.52,Q
679,676,667,659,657,341.31,309.06,195.35,Q
679,677,667,660,657,338.45,309.22,197.86,Q
679,676,668,660,659,340.9,311.22,196.87,Q
678,676,667,660,657,339.69,310.63,197.62,Q
678,676,667,659,657,338.24,308.8,197.79,Q
679,676,667,660,657,339.4,308.49,196.64,Q
679,676,667,660,657,340.01,308.96,196.39,R
679,676,668,660,658,339.27,307.59,196.25,R
679,676,667,660,657,336.21,308.54,199.35,R
680,676,668,661,657,332.56,319.18,211.01,R
679,676,667,660,657,330.64,317.59,211.63,R
678,623,669,654,633,326.59,6.67,280.05,R
683,640,670,669,645,312.45,47.66,315.11,R
682,648,669,672,648,307.87,57,320.13,R
682,649,663,668,642,309.1,43.32,307.47,R
688,662,681,679,660,304.56,57.73,317.49,R
694,662,678,678,660,305.11,60.99,321.74,R
693,660,673,680,661,306.48,65.81,328.72,R
692,661,670,679,661,308.3,64.79,329.19,R
692,660,669,678,660,306.62,65.5,328.49,R
692,660,669,678,659,308.86,61.66,326.21,R
693,659,669,677,658,307.03,65.35,328.68,R
692,660,668,677,659,303.91,66.75,327.42,R
692,660,668,677,658,305.81,66.84,329.33,R
692,661,668,677,657,307.69,64.07,327.82,R
693,660,668,677,657,310.04,66.75,332.92,R
691,662,667,677,657,303.25,70.64,331.82,R
691,661,668,677,657,304.53,68.91,330.74,R
691,662,674,677,657,304.36,70.84,333.05,R
691,663,678,677,658,302.7,70.88,331.62,R
691,663,678,677,657,304.29,69.81,331.66,R
691,662,678,676,656,301.74,71.57,331.69,R
692,663,678,676,657,299.66,74.45,333.96,R
691,663,678,676,656,308.86,64.64,329.53,R
691,663,678,676,655,309.74,67.25,333.23,R
691,664,677,675,655,317.33,69.03,340.55,R
691,664,677,676,655,302.69,73.08,334.64,R
691,663,678,676,656,308.33,76.71,343.37,R
691,663,677,675,655,309.37,71.43,337.74,R
691,663,678,675,654,316.9,66.13,337.51,R
691,662,676,675,653,317.66,65.77,337.7,R
691,663,680,675,654,309.24,70.36,336.39,R
691,663,680,675,654,305.4,71.95,335.37,R
691,662,679,675,654,309.59,70.44,336.75,R
690,663,680,675,655,306.2,72.99,337.32,R
691,663,680,674,655,298.35,75.26,334.01,R
690,664,679,674,654,302.54,71.51,332.35,R
690,663,679,674,653,302.23,73.76,335.2,R
690,663,679,674,654,300.34,75.43,336.05,R
691,663,679,675,657,299.45,74.59,333.98,R
691,663,678,675,657,307.02,71.82,336.46,R
691,663,678,675,656,312.32,69.37,337.53,R
691,656,669,675,654,310.43,71.3,338.34,R
691,658,671,676,653,302.9,73.04,334.77,R
691,658,677,676,654,310.8,71.48,338.79,R
691,659,677,676,654,307.71,70.95,335.93,R
691,659,676,676,653,307.12,70.74,335.22,S
690,659,676,675,654,316.57,68.44,339.5,S
690,659,676,676,653,311.02,70.03,337.32,S
691,659,677,675,652,308.57,70.39,335.93,S
691,659,676,676,650,326.5,74.22,349.4,S
683,675,686,674,650,336.44,62.3,347.1,S
693,682,688,681,670,349.94,62.06,354.62,S
690,677,685,676,666,21.19,73.54,6.53,S
689,676,685,676,663,353.21,71.38,357.7,S
682,676,684,675,660,339.85,73.75,353.9,S
688,675,684,675,661,351.03,70,356.71,S
687,675,684,675,660,343.04,73.8,354.94,S
687,676,684,674,659,346.78,71.77,355.58,S
688,675,683,674,657,23.64,79.27,4.74,S
689,675,683,674,656,352.19,61.53,355.74,S
690,673,683,672,649,356.36,64.62,358.27,S
688,674,683,673,654,358.49,60.76,359.15,S
688,673,682,673,652,2.73,60.26,1.56,S
687,673,682,672,652,340.43,66.45,351.19,S
687,674,682,673,652,330.82,67.26,346.82,S
687,673,682,672,653,343.61,66.03,352.55,S
686,673,682,672,653,346.22,60.35,352.05,S
687,673,683,672,654,343.79,59.95,350.45,S
686,673,682,672,654,344.13,62.28,351.5,S
686,673,681,672,653,344.28,62.63,351.71,S
688,673,682,673,653,344.65,61.5,351.52,S
686,673,681,672,652,342.83,61.34,350.42,S
686,672,681,672,653,346.44,60.85,352.34,S
686,673,682,673,652,346.77,61.16,352.62,S
686,673,682,672,653,345.49,59.35,351.28,S
686,673,682,672,653,341.96,59.38,349.09,S
685,673,681,672,653,346.07,57.99,351.19,S
687,672,682,672,653,340.53,61.73,349.23,S
686,673,682,672,653,340.23,59.71,348.14,S
687,672,682,672,652,340.09,61.26,348.77,S
686,672,682,672,653,344.37,58.93,350.43,S
686,672,681,672,652,346.34,60.79,352.26,S
686,673,682,672,653,347.92,57.91,352.36,S
685,673,681,673,652,348.28,57.36,352.43,S
686,673,680,672,651,345.08,59.63,351.13,S
686,672,682,672,653,343.1,61.19,350.51,S
686,672,681,672,652,347.55,61,353.02,S
686,671,681,671,653,349.53,59.42,353.77,S
686,672,681,672,652,343.42,59.25,349.96,S
685,672,681,671,652,349.64,54.91,352.68,S
685,673,681,671,652,342.53,61.51,350.31,S
686,672,681,671,652,344.1,62.81,351.68,S
685,672,681,672,652,342.63,62.57,350.78,S
685,673,681,672,652,346.01,60.27,351.9,S
685,672,681,672,652,342.16,60.7,349.76,S
685,673,681,672,652,344.19,58.02,349.97,T
687,672,682,672,652,332.08,69.06,348.53,T
668,615,687,676,656,270.38,86.79,276.7,T
665,617,687,677,658,266.79,108.13,279.7,T
664,617,688,676,658,269.34,99.34,274.02,T
664,619,686,674,656,270.59,85,276.75,T
663,617,686,675,655,270.85,80.84,275.28,T
664,618,686,675,656,267.5,155.41,271.15,T
664,619,686,675,655,265.93,128.24,275.16,T
664,619,686,675,656,265.77,130.95,274.88,T
667,618,686,675,656,268.94,209.85,269.39,T
664,619,685,675,655,268.4,195.08,269.57,T
664,625,686,675,655,268.79,197.12,269.63,T
664,625,685,674,655,268.6,220.78,268.79,T
663,625,686,674,655,269.89,266.63,268.09,T
664,626,686,675,655,268.41,166.19,270.39,T
665,626,687,675,655,270.23,274.66,267.17,T
665,625,685,673,655,271.15,297.37,267.79,T
665,627,685,675,654,269.67,259.25,268.26,T
666,626,686,674,654,268.42,177.33,270.07,T
665,626,686,674,656,270.96,312.42,268.95,T
665,626,685,675,655,271.63,313.23,268.27,T
665,626,685,674,653,269.18,110.18,272.22,T
664,626,685,674,655,269.68,262.41,267.62,T
664,626,685,674,654,272.86,343.01,269.12,T
664,626,685,674,655,272.88,342.42,269.09,T
665,626,686,674,655,271.98,344.06,269.43,T
665,628,684,675,654,271.62,344.01,269.54,T
665,627,685,674,654,270.91,320.1,269.24,T
665,626,685,674,654,271.56,305.37,267.8,T
665,626,686,674,655,273.04,0.63,270.03,T
665,627,684,674,654,274.47,334.93,267.9,T
665,625,685,674,655,272.2,328.66,268.66,T
665,625,685,674,653,271.24,351.69,269.82,T
666,625,685,674,654,271.26,318.37,268.88,T
665,625,685,674,655,271.97,6.21,270.21,T
665,625,685,674,654,270.42,298.02,269.21,T
666,625,685,674,653,272.32,355.49,269.82,T
665,625,685,674,655,271.55,1.25,270.03,T
666,626,685,674,654,269.81,99.38,271.17,T
665,626,685,674,654,272.43,340.3,269.13,T
665,625,685,674,654,271.03,322.09,269.19,T
665,626,684,674,653,271.94,24.18,270.87,T
665,626,685,674,654,270.73,77.65,273.31,T
665,626,685,674,654,271.06,64.86,272.25,T
666,626,684,674,654,269.08,117.3,271.78,T
666,626,685,672,654,271.81,24.62,270.83,T
667,627,685,674,653,269.69,100.91,271.61,T
666,627,685,674,655,270.52,66.06,271.18,T
666,627,685,674,654,270.61,76.01,272.45,T
665,626,685,674,654,272.98,3.96,270.21,U
666,626,685,674,654,269.53,157.67,270.2,U
673,628,684,673,653,278.4,48.3,279.41,U
686,658,688,681,650,333.76,61.51,345.02,U
693,640,689,680,566,340.93,44.1,340.37,U
692,636,688,678,569,348.11,46.67,348.77,U
691,646,688,678,571,356.96,51.94,357.62,U
691,647,687,677,572,354.35,58.88,356.58,U
691,647,687,677,573,353.05,57.32,355.53,U
691,647,688,676,574,344.41,53.07,348.16,U
690,646,687,676,573,356.03,58.6,357.57,U
690,645,687,676,574,351.53,57.66,354.61,U
690,644,687,676,576,352.38,57.87,355.19,U
690,643,687,675,576,349.69,57.19,353.31,U
690,642,687,675,577,349.65,56.14,353.01,U
689,641,687,676,577,348.26,51.59,350.64,U
689,641,687,675,577,351.63,55.17,354.16,U
689,641,687,676,578,345.95,55.62,350.29,U
690,641,688,675,579,341.83,56.23,347.62,U
690,640,687,676,579,352.8,55.79,355.09,U
690,639,687,676,579,346.65,57.65,351.45,U
690,639,687,675,579,349.42,57.66,353.26,U
689,639,687,675,579,348.98,54.8,352.18,U
689,639,687,675,580,349.28,54.3,352.25,U
690,639,685,674,579,348.67,56.91,352.56,U
690,638,687,674,580,347.5,52.66,350.4,U
690,638,687,675,580,347.99,58.22,352.49,U
690,637,687,674,581,345.41,53.02,348.91,U
690,638,687,675,582,346.1,55.52,350.35,U
690,637,688,675,582,347.81,54.2,351.15,U
690,637,687,673,582,344.05,53.32,347.98,U
690,638,687,675,582,350.29,57.1,353.69,U
690,636,687,674,583,345.42,51.98,348.5,U
689,638,687,675,583,350.43,53.92,352.99,U
690,637,687,674,583,349.71,56.93,353.26,U
690,637,687,675,583,345.87,56.16,350.42,U
689,636,687,674,583,351.03,56.32,354,U
689,641,687,673,583,348.11,56.64,352.11,U
689,638,687,674,582,349.25,56.87,352.94,U
689,637,687,673,582,347.48,55.53,351.33,U
689,637,687,674,583,350.73,57.55,354.08,U
690,637,687,673,582,348.07,59.52,352.91,U
689,636,687,674,583,339.56,57.27,346.53,U
689,639,687,673,583,347.81,62.09,353.47,U
689,638,687,674,583,343.83,65.57,352.5,U
689,637,687,673,583,338.37,62.2,348.19,U
689,637,687,673,583,340.13,61.42,348.86,U
690,637,687,673,582,342.19,65.58,351.7,U
689,636,687,673,583,341.28,62.5,350,U
690,636,688,673,583,344.74,64.28,352.51,U
689,636,687,673,584,344.98,62.8,352.15,V
688,635,685,673,583,340.18,62.59,349.41,V
689,635,687,673,583,341.17,62.29,349.85,V
689,635,687,673,587,334.64,66.78,348.5,V
690,640,676,660,636,338.82,53.1,343.78,V
688,636,672,650,618,335.16,63.58,347.05,V
687,626,670,646,615,341.26,49.76,343.98,V
686,624,669,648,614,340.1,53.92,345.22,V
686,623,669,647,613,335.43,51.65,340.12,V
686,623,669,647,613,335.03,54.04,341.33,V
685,622,668,647,613,337.82,53.21,343.04,V
686,622,669,648,613,334.02,51.89,339.08,V
686,621,670,649,614,345.64,52.91,349.05,V
685,620,670,649,614,349.91,50.15,351.55,V
686,619,670,648,614,344.63,49.59,346.83,V
686,619,669,649,614,338.29,56.81,345.4,V
686,619,669,648,613,334.82,55.3,341.97,V
684,620,669,648,613,342.77,54.36,347.46,V
686,620,670,648,613,342.36,52.25,346.17,V
685,620,669,648,613,343.34,52.99,347.28,V
685,619,668,648,613,342.9,53.09,346.99,V
685,620,669,651,613,339.45,54.89,345.23,V
686,619,669,650,613,337.98,53.86,343.55,V
685,619,669,651,613,339.17,50.51,342.6,V
685,619,669,650,613,341.39,54.4,346.44,V
686,618,669,650,614,338.84,50.86,342.51,V
685,620,668,650,614,337.24,54.33,343.24,V
685,619,669,650,614,337.3,52.53,342.22,V
685,619,667,651,613,334.73,53.46,340.72,V
685,620,669,650,614,339.2,55.17,345.2,V
687,620,668,650,614,339.09,55.41,345.24,V
685,620,668,649,613,337.84,55.28,344.24,V
685,619,668,651,613,335.98,53.28,341.61,V
685,619,669,651,614,335.74,51.82,340.49,V
685,619,669,651,613,336.81,51.78,341.36,V
686,619,669,650,614,336.73,53.84,342.56,V
686,619,669,652,614,332.58,53.95,339.31,V
685,620,669,651,614,338.1,57.21,345.48,V
685,620,669,650,614,338.75,55.22,344.89,V
685,620,669,650,614,335.3,55.36,342.36,V
686,620,669,650,614,337.84,55.88,344.57,V
686,617,669,649,613,339.44,53.76,344.63,V
686,619,669,650,613,344.14,55.22,348.84,V
686,618,670,650,614,338.6,53.2,343.66,V
686,619,669,650,613,334.88,52.95,340.51,V
686,619,669,650,614,334.57,56.82,342.73,V
686,619,669,650,614,338.23,56.42,345.15,V
685,618,669,650,613,338.6,56.23,345.32,V
686,618,669,651,614,335.47,50.95,339.68,V
686,618,669,650,613,335.76,56,343.11,V
686,618,668,650,612,334.81,52.94,340.44,W
685,619,669,650,613,335.26,53.48,341.16,W
685,619,671,653,618,338.59,45.56,338.97,W
691,618,669,646,647,348.67,52.68,351.31,W
691,617,669,646,653,345.43,46.81,346.29,W
691,616,670,647,654,341.57,48.72,343.69,W
690,617,669,647,653,340.57,47.29,341.96,W
690,616,669,646,652,341.03,54.58,346.26,W
690,617,669,646,652,348.06,55.49,351.73,W
690,617,669,647,651,341.92,52.8,346.08,W
690,617,669,647,651,351.57,53.9,353.84,W
689,617,669,647,649,340.65,54.04,345.7,W
690,618,669,647,649,343.87,54.18,348.21,W
689,618,668,647,649,340.87,58.57,348.03,W
688,618,667,647,650,339.42,55.68,345.63,W
689,618,669,647,649,339.37,56.61,346.06,W
689,618,668,647,652,343.95,57.56,349.64,W
689,618,669,647,652,330.55,56.33,339.39,W
689,618,668,647,653,340.88,59.24,348.34,W
689,617,668,647,653,336.04,59.06,345.08,W
689,619,668,647,659,336.64,60.16,346.09,W
689,619,668,647,658,328.47,69.72,347.23,W
689,620,669,648,657,317.81,70.46,342.17,W
689,621,669,648,660,328.72,75.37,350.99,W
689,621,668,649,658,324.66,75.39,349.53,W
688,622,669,650,659,318.14,77.6,348.85,W
687,622,668,650,659,307.19,81.02,348.24,W
689,623,669,650,659,322.96,75.39,348.87,W
689,623,669,651,659,312.57,78.72,347.75,W
689,623,669,650,663,327.55,76.65,351.42,W
689,623,669,651,660,320.87,76.15,348.65,W
689,623,669,650,661,330.9,65.37,345.68,W
688,623,669,650,661,323.06,73.45,347.4,W
688,623,669,651,661,319.59,76.26,348.24,W
688,623,669,650,661,329.21,75.73,351.38,W
688,623,669,650,661,318.54,77.44,348.86,W
688,624,669,650,660,318.69,75.43,347.13,W
688,623,669,650,661,313.37,77.94,347.26,W
689,623,669,650,659,319.22,75.63,347.54,W
688,623,669,650,658,315.43,77.62,347.8,W
688,623,669,650,659,314.83,76.51,346.43,W
688,623,669,649,658,324.66,73.49,348.13,W
688,620,668,646,659,321.53,71.5,345.11,W
688,620,668,647,658,317.54,74.37,345.65,W
688,620,668,645,658,323.78,75.63,349.37,W
688,621,668,646,656,318.82,75.8,347.52,W
689,621,668,645,657,329.03,71.36,348.56,W
688,621,668,645,656,320.9,71.44,344.74,W
688,619,668,645,655,316.36,76.49,347.1,W
688,621,668,645,655,316.14,76.72,347.22,W
689,620,668,645,655,318.05,73.67,345.24,X
688,621,668,645,654,326.95,80.36,353.69,X
689,621,672,655,623,317.24,59.53,331.45,X
692,662,691,682,672,304.52,66.15,327.26,X
691,668,690,679,669,303.28,69.61,330.48,X
691,666,691,678,667,308.22,67.55,332.31,X
690,666,690,678,667,312.24,63.71,331.46,X
690,672,690,677,666,307.25,62.48,325.59,X
691,670,689,676,665,310.48,60.43,326.38,X
691,668,689,676,665,306.58,58.85,320.84,X
690,668,689,676,664,310.34,59.98,325.76,X
690,668,689,675,663,310.51,61.95,328.05,X
690,668,689,675,663,290.62,70.94,317.44,X
690,667,689,675,663,306.35,64.17,326.66,X
690,667,688,674,663,309.99,59.78,325.22,X
689,667,689,674,663,307.13,62.42,325.4,X
689,666,689,675,663,305.59,60.5,321.67,X
691,666,688,674,661,308.01,64.08,328.12,X
689,666,688,674,662,321.11,59.87,334.91,X
690,666,688,674,662,311.6,58.76,325.66,X
690,666,689,674,662,312.84,60.5,328.62,X
689,665,689,673,663,311.25,61,327.7,X
690,665,689,674,662,310.04,58.81,324.23,X
689,665,688,673,662,313.03,57.89,326.09,X
689,665,688,673,662,309.55,58.13,323.02,X
689,664,688,674,662,313.54,57.2,325.86,X
689,665,688,672,662,312.02,56.97,324.19,X
689,664,688,673,661,312.31,55.91,323.37,X
689,662,688,674,662,313.46,57.24,325.82,X
689,664,687,673,662,308.68,58.8,322.89,X
689,664,688,673,662,311.57,58.58,325.44,X
689,662,688,673,661,311.67,60.24,327.28,X
688,663,686,673,660,314.88,55.25,325.14,X
689,663,687,672,661,313.7,56.62,325.41,X
689,663,688,673,662,309.18,58.53,323.1,X
687,663,687,673,661,310.46,59.42,325.28,X
688,662,687,671,660,311.56,57.48,324.28,X
688,663,687,672,660,310.62,58.41,324.36,X
688,662,687,672,660,308.62,58.31,322.31,X
688,663,687,673,660,312.45,56.27,323.88,X
688,663,687,673,660,315.25,54.51,324.75,X
688,664,687,673,660,313.48,56.04,324.62,X
688,663,685,672,660,310.36,57.5,323.15,X
688,663,687,673,660,312.64,55.79,323.56,X
688,662,687,672,660,314.32,55.15,324.52,X
688,663,687,673,660,314.04,54.84,323.93,X
688,664,687,673,660,316.67,52.52,324.11,X
688,662,687,672,660,313.36,56.9,325.38,X
688,662,687,672,660,314.24,55.68,324.97,X
688,661,687,672,660,313.93,54.38,323.36,X
688,662,687,672,660,313.28,55.74,324.13,Y
680,672,684,673,591,336.48,64.97,348.51,Y
674,668,682,672,571,355.2,64.63,357.72,Y
679,665,682,670,571,352.09,63.81,356.09,Y
678,655,680,660,567,353.61,61.19,356.47,Y
681,669,683,672,568,12.21,73.69,3.62,Y
682,673,683,672,572,8.63,71.37,2.93,Y
680,671,682,668,568,22.73,74.56,6.6,Y
679,670,681,668,569,25.54,76.83,6.38,Y
678,669,681,669,569,6.38,74.36,1.79,Y
677,668,680,669,570,0.03,76.51,0.01,Y
679,667,682,669,571,10.05,81.54,1.51,Y
678,667,681,669,571,0.18,78.96,0.04,Y
678,667,682,669,572,350.91,76.81,357.85,Y
679,666,681,669,574,352.64,77.84,358.41,Y
678,666,682,669,574,352.19,78.22,358.36,Y
678,666,682,669,575,1.71,77.08,0.39,Y
678,666,682,669,575,17.36,79.74,3.24,Y
677,665,682,670,575,2.3,76.06,0.57,Y
677,666,682,670,575,343.87,72.79,354.88,Y
677,665,682,668,575,335.79,78.79,354.91,Y
677,665,682,669,575,340.14,76.65,355.1,Y
677,664,682,669,576,338.77,79.77,355.99,Y
677,663,682,669,574,339.16,71.55,352.76,Y
678,662,681,667,571,326.43,77.65,351.73,Y
678,660,681,664,569,333.18,78.94,354.35,Y
678,660,680,665,569,329.78,79.1,353.6,Y
678,660,681,665,570,335.68,79.16,355.05,Y
678,660,680,665,570,330.65,76.4,352.25,Y
678,660,681,666,570,326.2,78.49,352.24,Y
677,660,680,666,570,331.35,77.28,352.97,Y
678,659,681,666,572,327.03,77.51,351.82,Y
678,660,680,667,571,342.46,75.81,355.43,Y
677,660,680,667,572,341.42,71.02,353.41,Y
677,659,681,667,572,345.7,77.87,356.87,Y
678,659,681,667,574,338.57,73.4,353.33,Y
678,659,681,667,573,346.69,76.44,356.74,Y
678,659,681,667,573,342,80.93,357.03,Y
678,659,681,667,574,323.63,80.34,352.85,Y
679,659,681,667,575,324.53,80.45,353.17,Y
679,659,681,667,574,320.62,81.01,352.6,Y
679,659,681,667,575,321.48,79.72,351.79,Y
679,659,681,666,575,331.22,77.3,352.94,Y
679,658,682,667,576,326.94,81.94,354.73,Y
679,659,681,667,576,316.88,81.31,351.86,Y
680,659,681,667,575,311.56,81.75,350.71,Y
678,658,681,666,576,315.71,83.08,353.25,Y
678,659,680,667,575,317.55,81.56,352.27,Y
679,659,681,667,575,318.47,80.7,351.75,Y
679,659,681,668,576,316.46,80.87,351.31,Y
679,659,681,666,576,321.08,79.06,351.13,Z
680,645,681,667,577,309.31,81.55,349.72,Z
679,657,680,666,577,310.71,81.79,350.48,Z
675,648,678,661,586,323.58,76.32,349.82,Z
674,647,678,661,584,333.43,81.5,355.72,Z
675,647,678,660,590,327.48,76.28,351.15,Z
677,647,678,662,616,326.9,67.18,344.66,Z
686,666,684,660,646,310.64,83.8,352.79,Z
693,664,688,655,663,316.92,73.37,344.39,Z
692,663,687,650,656,344.12,69.86,354.05,Z
692,661,687,650,657,315.57,82.44,352.59,Z
687,656,682,645,651,340.9,78.61,356.01,Z
688,657,682,646,654,317.9,77.38,348.56,Z
687,657,682,646,651,326.79,82.43,355.03,Z
687,657,681,646,650,321.05,83.56,354.79,Z
687,657,681,647,649,305.66,84.16,351.89,Z
687,657,681,646,649,320.46,79.69,351.47,Z
687,657,681,647,649,322.59,81.7,353.63,Z
687,656,681,646,648,333.23,74.48,352.02,Z
687,657,681,647,647,331.12,79.02,353.89,Z
687,656,680,646,647,328.1,79.11,353.17,Z
687,656,679,647,647,330.25,79.98,354.23,Z
686,656,680,647,647,323.4,77.22,350.43,Z
686,655,680,647,646,330.34,78.97,353.66,Z
686,656,679,647,644,327.5,78.86,352.85,Z
686,655,680,647,644,335.98,75.22,353.3,Z
686,655,680,647,643,327.9,77.25,351.92,Z
685,654,679,646,643,326.65,80.08,353.43,Z
686,654,679,647,643,327.3,76.12,350.98,Z
686,654,679,647,643,320.99,79.26,351.26,Z
686,654,679,649,644,328.66,74.74,350.57,Z
685,654,679,649,644,323.7,77.23,350.55,Z
686,654,679,649,644,321.76,78.75,351.09,Z
685,654,679,647,644,332.76,79.02,354.3,Z
685,653,679,646,643,325.7,75.67,350.11,Z
687,655,681,648,645,335.05,74.68,352.74,Z
687,656,681,648,644,326.96,80.01,353.46,Z
687,656,682,649,645,325.43,77.06,351,Z
687,656,681,649,643,325.83,75.73,350.21,Z
687,655,681,647,644,333.5,74.73,352.25,Z
687,656,682,647,643,333.29,75.69,352.69,Z
688,656,682,647,643,343.1,77.91,356.28,Z
687,655,681,646,642,337.62,75.88,354.09,Z
687,656,681,648,642,322.02,78.62,351.07,Z
687,655,682,647,646,338.8,74.97,354.06,Z
687,656,681,648,643,333.43,71.73,350.62,Z
687,655,681,647,643,342.52,76.02,355.52,Z
687,655,681,647,642,342.44,75.31,355.26,Z
687,655,681,647,641,341.06,73.85,354.32,Z
687,655,682,648,640,319.53,78.86,350.46,Z
687,656,681,648,640,342.73,72.95,354.55,ILoveYou
687,655,681,646,633,359.65,76.31,359.92,ILoveYou
687,656,681,647,629,347.56,76.46,356.96,ILoveYou
687,656,681,649,629,334.33,76.83,353.58,ILoveYou
683,652,676,654,622,327.84,70.04,347.13,ILoveYou
674,663,684,681,590,335.75,63.93,347.57,ILoveYou
681,634,686,677,581,319.24,59.57,333.15,ILoveYou
681,641,686,675,579,323.34,64.37,340.35,ILoveYou
677,642,686,674,579,331.57,59.05,342.02,ILoveYou
677,642,686,675,579,345,67.07,353.53,ILoveYou
677,643,686,674,579,333.05,64.01,346.08,ILoveYou
676,640,686,673,579,333.76,64.84,346.97,ILoveYou
676,640,686,674,580,328.42,67.04,345.4,ILoveYou
677,640,686,674,581,327,65.77,343.71,ILoveYou
678,639,686,674,581,327.36,64.72,343.17,ILoveYou
677,641,685,674,582,328.38,65.28,344.17,ILoveYou
678,639,685,674,582,328.07,67.89,345.79,ILoveYou
678,639,685,674,583,327.9,62.29,341.76,ILoveYou
678,639,686,674,583,322.19,63.17,338.57,ILoveYou
677,639,685,673,583,318.89,64.49,337.39,ILoveYou
678,639,685,674,584,315.86,66.68,337.3,ILoveYou
678,640,685,675,584,323.47,66.1,341.82,ILoveYou
679,638,686,673,585,313.97,66.8,336.04,ILoveYou
677,638,685,673,585,319.56,64.81,338.16,ILoveYou
679,638,686,674,585,322.55,65.49,340.75,ILoveYou
679,638,684,673,585,313.37,69.65,338.56,ILoveYou
678,638,685,673,585,317.39,66.41,338.12,ILoveYou
678,638,685,673,586,319.69,66.51,339.76,ILoveYou
679,637,685,673,586,319.12,65.37,338.35,ILoveYou
679,638,685,675,587,314.59,69.41,339.14,ILoveYou
679,638,685,673,587,316.66,65.85,337.07,ILoveYou
679,637,685,673,586,325.45,60.29,338.55,ILoveYou
678,638,685,673,587,319.29,62.42,335.79,ILoveYou
678,638,685,672,587,323.15,63.75,339.72,ILoveYou
679,637,686,673,586,324.18,62.94,339.76,ILoveYou
678,638,685,673,586,322.23,61.94,337.56,ILoveYou
679,637,685,673,587,324.63,61.14,338.63,ILoveYou
679,641,684,673,586,325.01,64.56,341.59,ILoveYou
679,640,684,672,584,321.47,67.17,341.46,ILoveYou
677,639,684,672,584,327.18,65.63,343.72,ILoveYou
679,638,684,672,584,322.94,65.69,341.17,ILoveYou
679,639,684,672,584,317.24,69.13,340.58,ILoveYou
679,638,684,672,585,320.48,67.21,340.88,ILoveYou
679,638,684,673,584,317.05,67.8,339.2,ILoveYou
679,638,684,672,585,316.01,68.27,338.95,ILoveYou
680,638,683,672,585,315.46,68.55,338.86,ILoveYou
679,639,684,672,585,311.63,68.6,336.21,ILoveYou
680,638,685,672,586,316.06,68.53,339.24,ILoveYou
680,639,684,673,586,313.78,68.17,337.32,ILoveYou
680,642,685,672,586,318.82,66.69,339.35,ILoveYou
685,652,675,660,587,260.19,96.34,327.25,Eat
685,653,672,659,590,256.72,98.12,328.82,Eat
684,654,674,660,588,259.29,96.96,327.16,Eat
687,653,674,658,590,258.76,96.98,328.36,Eat
686,653,674,659,589,258.73,97.05,328.17,Eat
685,654,674,656,588,259.68,96.31,328.73,Eat
683,650,674,657,587,258.53,97.37,327.48,Eat
684,652,673,659,589,257.95,97.89,327,Eat
684,655,674,659,588,258.24,97.21,328.72,Eat
685,651,675,659,589,259.97,96.26,328.21,Eat
684,652,672,657,589,259.45,96.71,327.72,Eat
685,653,672,657,589,260.48,95.8,328.8,Eat
684,650,674,658,589,259.12,97.05,327.24,Eat
686,653,674,658,589,256.83,98.63,327.01,Eat
685,655,673,659,591,248.22,103.3,329.4,Eat
684,655,673,657,590,258.81,97.03,328.05,Eat
687,655,672,658,589,252.93,99.32,331.87,Eat
686,655,674,657,590,255.2,98.72,329.86,Eat
684,655,675,656,591,258.76,96.71,329.35,Eat
686,654,675,659,592,259.53,95.91,330.73,Eat
686,657,674,661,592,260.28,95.33,331.42,Eat
686,658,674,658,593,260.37,95.48,330.54,Eat
685,657,674,659,592,262.03,94.85,328.78,Eat
684,659,673,658,591,259.84,95.73,330.74,Eat
686,658,674,658,593,260.7,95.39,330.06,Eat
685,656,674,659,591,256.72,97.63,330.41,Eat
685,659,676,658,591,262.16,94.42,330.69,Eat
685,657,672,658,591,266.01,92.34,329.62,Eat
684,657,673,657,592,269.7,90.16,331.61,Eat
682,653,673,658,590,268.67,90.71,331.85,Eat
682,655,674,658,593,268.78,90.46,339.32,Eat
685,656,678,658,595,273.94,88.34,337.15,Eat
684,658,675,660,592,280.16,85.07,334.31,Eat
685,657,676,659,593,278.06,86.35,335.75,Eat
685,657,674,659,589,279.88,85.63,336.3,Eat
683,655,673,657,591,279.77,85.7,336.42,Eat
684,656,672,659,591,281.64,84.72,335.85,Eat
684,657,676,659,591,279.97,85.34,335.11,Eat
684,658,672,659,591,282.26,84.86,337.51,Eat
685,655,675,659,591,281.64,84.66,335.61,Eat
685,656,674,657,591,280.87,85.12,336.02,Eat
684,656,674,659,591,281.48,85.1,337.1,Eat
683,656,675,658,591,279.6,85.55,335.31,Eat
684,657,675,659,591,281.19,84.92,335.83,Eat
684,658,676,660,592,281.7,84.85,336.47,Eat
684,655,674,659,590,280.96,84.92,335.36,Eat
685,656,675,657,591,281.44,84.33,333.84,Eat
684,658,674,658,591,278.18,86.37,336.17,Eat
685,657,673,658,591,278.51,86.17,335.87,Eat
683,656,674,657,591,278.42,85.88,334.08,Eat
